Title,Date
"Star Trek: Voyager: Season 2: Death Wish","09/08/2020"
"Star Trek: Voyager: Season 2: Dreadnought","09/08/2020"
"Star Trek: Voyager: Season 2: Meld","08/08/2020"
"Star Trek: Voyager: Season 2: Threshold","08/08/2020"
"Star Trek: Voyager: Season 2: Alliances","07/08/2020"
"Star Trek: Voyager: Season 2: Prototype","04/08/2020"
"Star Trek: Voyager: Season 2: Resistance","03/08/2020"
"Star Trek: Voyager: Season 2: Maneuvers","03/08/2020"
"One-Punch Man: Season 1: The Lone Cyborg","03/08/2020"
"One-Punch Man: Season 1: The Strongest Man","03/08/2020"
"Castlevania: Season 1: Witchbottle","03/08/2020"
"Star Trek: Voyager: Season 2: Cold Fire","01/08/2020"